349274	cd00024	CD_CSD
238096	cd00167	SANT
238141	cd00229	SGNH_hydrolase
133136	cd00303	retropepsin_like
238185	cd00304	RT_like
271187	cd01187	INT_tnpB_C_Tn554
238822	cd01644	RT_pepA17
238823	cd01645	RT_Rtv
238824	cd01646	RT_Bac_retron_I
238825	cd01647	RT_LTR
238826	cd01648	TERT
238827	cd01650	RT_nLTR_like
238828	cd01651	RT_G2_intron
238844	cd01709	RT_like_1
238858	cd01820	PAF_acetylesterase_like
238871	cd01833	XynB_like
143332	cd02439	DMB-PRT_CobT
239569	cd03487	RT_Bac_retron_II
239684	cd03714	RT_DIRS1
239685	cd03715	RT_ZFREV_like
239738	cd03769	SR_IS607_transposase_like
239739	cd03770	SR_TndX_transposase
239946	cd04502	SGNH_hydrolase_like_7
133137	cd05470	pepsin_retropepsin_like
133148	cd05481	retropepsin_like_LTR_1
133149	cd05482	HIV_retropepsin_like
133150	cd05483	retropepsin_like_bacteria
133151	cd05484	retropepsin_like_LTR_2
197306	cd08372	EEP
197310	cd09076	L1-EN
197311	cd09077	R1-I-EN
197317	cd09083	EEP-1
197318	cd09084	EEP-2
260004	cd09272	RNase_HI_RT_Ty1
260005	cd09273	RNase_HI_RT_Bel
260006	cd09274	RNase_HI_RT_Ty3
260007	cd09275	RNase_HI_RT_DIRS1
260008	cd09276	Rnase_HI_RT_non_LTR
198389	cd10442	GIY-YIG_PLEs
213402	cd12203	GT1
349326	cd18970	CD_POL_like
349329	cd18973	CD_Tf2-1_POL_like
349330	cd18974	CD_POL_like
349331	cd18975	CD_MarY1_POL_like
349333	cd18977	CD_POL_like
349334	cd18978	CD_DDE_transposase_like
349335	cd18979	CD_POL_like
333777	pfam00026	Asp
333860	pfam00126	HTH_1
333892	pfam00165	HTH_AraC
333957	pfam00249	Myb_DNA-binding
334050	pfam00385	Chromo
306850	pfam00429	TLV_coat
334200	pfam00665	rve
307151	pfam00872	Transposase_mut
279374	pfam01022	HTH_5
307339	pfam01140	Gag_MA
334507	pfam01359	Transposase_1
334515	pfam01381	HTH_3
334521	pfam01393	Chromo_shadow
334531	pfam01418	HTH_6
307583	pfam01498	HTH_Tnp_Tc3_2
334579	pfam01526	DDE_Tnp_Tn3
307599	pfam01527	HTH_Tnp_1
334585	pfam01548	DEDD_Tnp_IS110
334608	pfam01609	DDE_Tnp_1
334609	pfam01610	DDE_Tnp_ISL3
279973	pfam01710	HTH_Tnp_IS630
307766	pfam01797	Y1_Tnp
307923	pfam02022	Integrase_Zn
307969	pfam02093	Gag_p30
280446	pfam02281	Dimer_Tnp_Tn5
308115	pfam02316	HTH_Tnp_Mu_1
334912	pfam02371	Transposase_20
335025	pfam02650	HTH_WhiA
335095	pfam02796	HTH_7
251616	pfam02914	DDE_2
308524	pfam02920	Integrase_DNA
281020	pfam02954	HTH_8
335181	pfam02992	Transposase_21
335182	pfam02994	Transposase_22
308574	pfam03004	Transposase_24
335189	pfam03017	Transposase_23
335197	pfam03050	DDE_Tnp_IS66
335224	pfam03108	DBD_Tnp_Mut
308681	pfam03184	DDE_1
308705	pfam03221	HTH_Tnp_Tc5
335306	pfam03372	Exo_endo_phos
281403	pfam03400	DDE_Tnp_IS1
309014	pfam03732	Retrotrans_gag
281762	pfam03811	Zn_Tnp_IS1
335662	pfam04195	Transposase_28
282484	pfam04631	PIF2
147046	pfam04693	DDE_Tnp_2
335885	pfam04754	Transposase_31
203098	pfam04827	Plant_tran
282780	pfam04967	HTH_10
335969	pfam04986	Y2_Tnp
282815	pfam05006	PIF3
282889	pfam05092	PIF
283007	pfam05225	HTH_psq
283092	pfam05341	PIF6
336104	pfam05380	Peptidase_A17
336121	pfam05485	THAP
336189	pfam05699	Dimer_Tnp_hAT
336194	pfam05717	TnpB_IS66
310509	pfam05970	PIF1
336346	pfam06224	HTH_42
284281	pfam06815	RVT_connect
311025	pfam06817	RVT_thumb
254125	pfam07253	Gypsy
311516	pfam07592	DDE_Tnp_ISAZ013
336784	pfam07727	RVT_2
285436	pfam08220	HTH_DeoR
311921	pfam08221	HTH_9
116808	pfam08222	HTH_CodY
285479	pfam08279	HTH_11
311953	pfam08280	HTH_Mga
285637	pfam08461	HTH_12
312301	pfam08721	Tn7_Tnp_TnsA_C
337169	pfam08722	Tn7_Tnp_TnsA_N
286058	pfam08914	Myb_DNA-bind_2
286171	pfam09039	HTH_Tnp_Mu_2
286429	pfam09339	HTH_IclR
337548	pfam09904	HTH_43
313715	pfam10545	MADF_DNA_bdg
119203	pfam10683	DBD_Tnp_Hermes
192757	pfam11427	HTH_Tnp_Tc3_1
288799	pfam11972	HTH_13
288840	pfam12017	Tnp_P_element
338313	pfam12323	HTH_OrfB_IS605
338314	pfam12324	HTH_15
152819	pfam12384	Peptidase_A2B
257152	pfam12596	Tnp_P_element_C
315341	pfam12645	HTH_16
338467	pfam12728	HTH_17
289525	pfam12759	HTH_Tnp_IS1
338477	pfam12760	Zn_Tnp_IS1595
338478	pfam12762	DDE_Tnp_IS1595
338484	pfam12776	Myb_DNA-bind_3
338511	pfam12833	HTH_18
315502	pfam12835	Integrase_1
338515	pfam12840	HTH_20
338518	pfam12844	HTH_19
338582	pfam13007	LZ_Tnp_IS66
289759	pfam13011	LZ_Tnp_IS481
315653	pfam13022	HTH_Tnp_1_2
338661	pfam13276	HTH_21
338675	pfam13309	HTH_22
338682	pfam13333	rve_2
315923	pfam13358	DDE_3
338698	pfam13359	DDE_Tnp_4
338713	pfam13384	HTH_23
338722	pfam13404	HTH_AsnC-type
338727	pfam13412	HTH_24
338728	pfam13413	HTH_25
316006	pfam13443	HTH_26
338755	pfam13456	RVT_3
316024	pfam13463	HTH_27
338764	pfam13472	Lipase_GDSL_2
338793	pfam13518	HTH_28
338808	pfam13542	HTH_Tnp_ISL3
338809	pfam13545	HTH_Crp_2
338814	pfam13551	HTH_29
316113	pfam13556	HTH_30
316117	pfam13560	HTH_31
338821	pfam13565	HTH_32
290319	pfam13586	DDE_Tnp_1_2
338836	pfam13592	HTH_33
316153	pfam13601	HTH_34
316161	pfam13610	DDE_Tnp_IS240
338849	pfam13612	DDE_Tnp_1_3
338850	pfam13613	HTH_Tnp_4
338877	pfam13655	RVT_N
338895	pfam13683	rve_3
338903	pfam13693	HTH_35
316242	pfam13701	DDE_Tnp_1_4
316269	pfam13730	HTH_36
290455	pfam13737	DDE_Tnp_1_5
316281	pfam13744	HTH_37
338928	pfam13751	DDE_Tnp_1_6
338956	pfam13808	DDE_Tnp_1_assoc
338959	pfam13817	DDE_Tnp_IS66_C
338966	pfam13837	Myb_DNA-bind_4
316368	pfam13843	DDE_Tnp_1_7
316396	pfam13873	Myb_DNA-bind_5
339008	pfam13936	HTH_38
339025	pfam13963	Transpos_assoc
339027	pfam13966	zf-RVT
339031	pfam13975	gag-asp_proteas
339032	pfam13976	gag_pre-integrs
339084	pfam14090	HTH_39
316697	pfam14198	TnpV
316701	pfam14202	TnpW
339120	pfam14214	Helitron_like_N
339123	pfam14223	Retrotran_gag_2
316738	pfam14244	Retrotran_gag_3
339166	pfam14319	Zn_Tnp_IS91
339244	pfam14493	HTH_40
291188	pfam14502	HTH_41
339261	pfam14529	Exo_endo_phos_2
317087	pfam14641	HTH_44
317150	pfam14706	Tnp_DNA_bind
339431	pfam14947	HTH_45
318239	pfam15977	HTH_46
318461	pfam16221	HTH_47
340204	pfam17489	Tnp_22_trimer
340205	pfam17490	Tnp_22_dsRBD
223021	PHA03247	PHA03247
214605	smart00298	CHROMO
214738	smart00595	MADF
128933	smart00692	DM3
214951	smart00980	THAP
275209	TIGR04416	group_II_RT_mat
